,ML_method,Training_set,N_Retrains,Queries_to_Oracle,F1,Normal_traffic_label_err_rate_FPR,Botnet_label_err_rate_FNR,Number_of_Samples_trained,Precision,Recall,Training_Time,Testing_Time,Tuning_Time,Number_of_Clusters,Cluster Noises,Prob_1s,init_train_sample_sz,init_batch_sz
0,CNN_EnS_avg,train_1,1,0,0.028387968908415006,1.0,1.0,500.0,1.0,0.014398354473774426,8.504331588745117,5.546369314193726,146.27343010902405,0,0,0.0,0,500
1,RF_EnS_avg,train_1,1,0,0.7397260273972602,1.0,1.0,500.0,0.8787735849056604,0.6386698663009942,0.5873496532440186,0.15718793869018555,33.91431021690369,0,0,0.0,0,500
2,KNN_EnS_avg,train_1,1,0,0.8277153558052435,1.0,1.0,500.0,0.8221170104835982,0.8333904696606103,0.005562305450439453,0.5985302925109863,5.908273935317993,0,0,0.0,0,500
3,EnS_avg,train_1,1,0,0.8672817601135558,1.0,1.0,500.0,0.8988598749540272,0.8378471031882071,9.097243547439575,5.967143297195435,5.908273935317993,0,0,0.0,0,500
4,CNN_EnS_avg,train_1,2,24,0.18198815830476783,0.0,0.06382978723404253,1000.0,1.0,0.10010284538909839,8.886744022369385,0.9229753017425537,135.0167841911316,3,0,0.0,0,500
5,RF_EnS_avg,train_1,2,24,0.7304075235109718,0.0,0.06382978723404253,1000.0,0.8523090992226795,0.6390126842646555,0.298417329788208,0.08591842651367188,34.96670341491699,3,0,0.0,0,500
6,KNN_EnS_avg,train_1,2,24,0.861319073083779,0.0,0.06382978723404253,1000.0,0.8971407352395099,0.8282482002056908,0.007109403610229492,0.9283225536346436,6.9498631954193115,3,0,0.0,0,500
7,EnS_avg,train_1,2,24,0.8782562466772993,0.0,0.06382978723404253,1000.0,0.909024211298606,0.8495029139526912,9.192270755767822,6.027729749679565,6.9498631954193115,3,0,0.0,0,500
